fichier	url_image	page_source	titre	requete	date
/images/sub-tokyo-revengers.webp	https://i.redd.it/ns1l2n2bq5c71.jpg	https://www.reddit.com/r/TokyoRevengers/comments/oncf66/drakenmikey_and_takemichi_toman_credit74/	Draken,Mikey and Takemichi. #Toman Credit:74 : r/TokyoRevengers	Tokyo Revengers anime key visual Takemichi Mikey Draken	2026-09-24 # rejetée
/images/q-tokyo-revengers-01.webp	http://geologie-patrimoine-matheysine.fr/sites_remarquables/photos1/canal_carte.jpg	http://geologie-patrimoine-matheysine.fr/sites_remarquables/beaumont_canal.html	Canal du Beaumont	Takemichi Hanagaki Tokyo Revengers anime screenshot	2026-09-24 # rejetée
/images/q-tokyo-revengers-04.webp	https://s.yimg.com/lo/mysterio/api/51a934bda07380332eab6a805be38566bdd520d67dcfa0de760e945f15e90392/lightyear_networkapi/resizefill_w976%3Bquality_80%3Bformat_webp/https://media.zenfs.com/fr/femme_actuelle_335/2da4a57c967063e231ca7d3481b656d1.jpg	https://fr.style.yahoo.com/travail-transformation-physique-int%C3%A9ressant-lola-063441533.html	"Un travail de transformation physique intéressant" : Lola Dewaere se ...	Mikey Manjiro Sano Tokyo Revengers anime screenshot	2026-09-24 # rejetée
/images/q-tokyo-revengers-08.webp	https://www.rammadental.gr/image/cache/data/Single-1100x1100.jpg	https://www.rammadental.gr/en/product/medical-disposables/plastic-surgery-products/integra/integra-dermal-regeneration-template-single-layer/integra-dermal-regeneration-template-single-layer.html	Dermal Regeneration Template Single Layer | Integra	Tetta Kisaki Tokyo Revengers anime screenshot	2026-09-24 # rejetée
/images/q-tokyo-revengers-07.webp	https://wallpapers.com/images/hd/vivid-city-view-of-tokyo-dxva6ho3h8x6m3xb.jpg	https://wallpapers.com/tokyo	[1000+] Tokyo Wallpapers | Wallpapers.com	Tokyo Revengers Toman vs Valhalla Bloody Halloween anime	2026-09-24 # rejetée
/images/sub-my-hero-academia.webp	https://www.espagnolalamaison.com/wp-content/uploads/2022/11/drapeaux-des-pays-hispanophones.png	https://fity.club/lists/suggestions/drapeaux-des-pays-hispanophones-avec-noms/	Drapeaux Des Pays Hispanophones Avec Noms Union Européenne : Drapeau	My Hero Academia anime key visual class 1-A	2026-09-24 # rejetée
/images/q-my-hero-academia-01.webp	https://wallpaperaccess.com/full/1082853.jpg	https://wallpaperaccess.com/izuku-midoriya	Izuku Midoriya Wallpapers - Top Free Izuku Midoriya Backgrounds ...	Izuku Midoriya Deku My Hero Academia anime screenshot	2026-09-24 # rejetée
/images/q-my-hero-academia-03.webp	https://f.fcdn.app/imgs/72db65/www.palaciodelamusica.com.uy/pmusuy/8081/original/catalogo/5021732612007-5021732612007_1/2000-2000/all-saints-all-saints-vinilo-all-saints-all-saints-vinilo.jpg	https://www.palaciodelamusica.com.uy/catalogo/all-saints-all-saints-vinilo_5021732612007_5021732612007	All Saints - All Saints - Vinilo — Palacio de la Música	All Might My Hero Academia anime screenshot	2026-09-24 # rejetée
/images/q-my-hero-academia-06.webp	https://wallpapercave.com/wp/wp4656108.jpg	https://wallpapercave.com/my-hero-academia-todoroki-wallpapers	My Hero Academia Todoroki Wallpapers - Wallpaper Cave	Shoto Todoroki ice fire My Hero Academia anime	2026-09-24 # rejetée
/images/q-my-hero-academia-08.webp	https://www.hrmsworld.com/pictures/3863/show/800x500/Cegid+Talentsoft+filter+profiles.jpg?sh=de52e92179cb139a	https://www.hrmsworld.com/cegid-talentsoft.html	Cegid Talentsoft - Demo & Comparison Tool	Tomura Shigaraki My Hero Academia anime screenshot	2026-09-24 # rejetée
/images/sub-l-attaque-des-titans.webp	https://www.piscines-ibiza.com/content/uploads/2019/12/piscine-coque-rectangulaire-riviera2-couv.jpg	https://www.piscines-ibiza.com/piscine/modele-piscine-coque/riviera-2/	Piscine coque polyester forme rectangulaire 7x4 à fond plat Riviera 2 ...	Attack on Titan anime key visual Survey Corps	2026-09-24 # rejetée
/images/q-l-attaque-des-titans-08.webp	https://marketplace.canva.com/EAGAh3t29Eo/3/0/800w/canva-noir-gris-vert-moderne-professionnel-infographie-tableau-comparatif-marketing-entreprise-graphique-iQ5UotS6vi0.jpg	https://share.havytab.com/tableau-comparatif-logiciel-tableau-comparatif-excel-gratuit/	Tableau Comparatif Logiciel _ Tableau Comparatif Excel Gratuit – YINSBK	Shiganshina district wall Attack on Titan anime	2026-09-24 # rejetée
/images/q-l-attaque-des-titans-10.webp	https://static.vecteezy.com/system/resources/previews/057/931/319/large_2x/plain-navy-blue-t-shirt-mockup-design-front-and-back-view-isolated-on-transparent-background-free-png.png	https://www.vecteezy.com/png/57931319-plain-navy-blue-t-shirt-mockup-design-front-and-back-view-isolated-on-transparent-background	Plain navy blue t-shirt mockup design. Front and back view, isolated on ...	Attack on Titan Rumbling wall titans anime screenshot	2026-09-24 # rejetée
/images/sub-one-piece.webp	https://is1-ssl.mzstatic.com/image/thumb/Purple221/v4/33/49/0b/33490b38-ed5e-15d3-f11c-0af4144a3460/AppIcon-0-0-1x_U007epad-0-1-85-220.png/1200x630wa.png	https://apps.apple.com/fr/app/one-pocket/id1450246545	‎ONE Pocket dans l’App Store	One Piece anime Straw Hat Pirates key visual	2026-09-24 # rejetée
/images/q-one-piece-02.webp	http://clipart-library.com/newhp/monkey-clipart-md.png	http://clipart-library.com/monkey-cliparts.html	Free Monkey Cliparts, Download Free Monkey Cliparts png images, Free ...	Monkey D. Luffy stretching rubber One Piece anime screenshot	2026-09-24 # rejetée
/images/q-one-piece-03.webp	https://img.20mn.fr/3NVxs442RiyhnNJNN6KJXQ/1444x920_capture-ecran	https://www.20minutes.fr/arts-stars/web/2340947-20180921-video-grand-gousier-pelican-impressionnant	VIDEO. Un grand-gousier pélican, c'est impressionnant	Roronoa Zoro three swords One Piece anime screenshot	2026-09-24 # rejetée
/images/q-one-piece-04.webp	https://www.starmag.com/wp-content/uploads/2026/09/arnaud-denis.jpg	https://www.starmag.com/actu-people/arnaud-denis-est-decede-le-comedien-sest-fait-euthanasier-en-belgique-1055638.html	Arnaud Denis est décédé : le comédien s’est fait euthanasier en Belgique	Thousand Sunny ship One Piece anime	2026-09-24 # rejetée
/images/q-one-piece-05.webp	https://www.materiaux-naturels.fr/image_resize/produit/pdt_1080.jpg?f=IMG_FACEBOOK	https://www.materiaux-naturels.fr/produit/1080-combitherm-recuperateur-distributeur-de-chaleur	COMBITHERM - Récupérateur distributeur de chaleur	Shanks straw hat One Piece anime screenshot	2026-09-24 # rejetée
/images/q-one-piece-07.webp	https://wallpapercave.com/wp/wp14003743.png	https://wallpapercave.com/minimalistic-4k-iphone-wallpapers	Minimalistic 4k iPhone Wallpapers - Wallpaper Cave	Portgas D. Ace One Piece anime screenshot	2026-09-24 # rejetée
/images/q-one-piece-09.webp	https://www.europeanvintageemporium.com/wp-content/uploads/2024/02/il_fullxfull.5837120313_agux-1024x1024.jpg	https://www.europeanvintageemporium.com/product/antique-french-wooden-ludo-like-board-game-playing-base-toy-wall-decor-circa-1900-20s/	Antique French Wooden Ludo Like Board Game Playing Base Toy Wall Decor ...	Tony Tony Chopper One Piece anime screenshot	2026-09-24 # rejetée
/images/q-tokyo-revengers-01.webp	https://wegotthiscovered.com/wp-content/uploads/2023/10/Takemichi.jpg	https://wegotthiscovered.com/anime/every-tokyo-revengers-characters-age-height-birthday-and-zodiac-sign/	Every ‘Tokyo Revengers’ Character Age, Height, Birthday, And Zodiac Sign	Takemichi Hanagaki Tokyo Revengers anime screenshot	2026-09-24
/images/q-tokyo-revengers-04.webp	https://wallpapers.com/images/hd/sano-manjiro-sticking-his-tongue-tokyo-revengers-pfp-6n7q69s23bvjx7tu.jpg	https://wallpapers.com/mikey-tokyo-revengers	[200+] Mikey Tokyo Revengers Wallpapers | Wallpapers.com	Mikey Manjiro Sano Tokyo Revengers anime screenshot	2026-09-24
/images/q-tokyo-revengers-05.webp	https://static1.dualshockersimages.com/wordpress/wp-content/uploads/2023/12/draken.jpg	https://eagleviewtattoo.com/aftercare/anime-characters-with-neck-tattoos	Anime characters with neck tattoos - Eagleviewtattoo.com	Draken Ken Ryuguji dragon tattoo Tokyo Revengers anime	2026-09-24
/images/q-tokyo-revengers-08.webp	https://wallpaperaccess.com/full/7117146.png	https://wallpaperaccess.com/kisaki-tetta	Kisaki Tetta Wallpapers - Top Free Kisaki Tetta Backgrounds ...	Tetta Kisaki Tokyo Revengers anime screenshot	2026-09-24
/images/q-tokyo-revengers-07.webp	https://static0.cbrimages.com/wordpress/wp-content/uploads/2021/08/Tokyo-Revengers-Halloween.jpg	https://www.cbr.com/tokyo-revengers-episode-18-toman-valhalla-bloody-halloween/	Tokyo Revengers: Toman Vs. Valhalla Begins Bloody Halloween	Tokyo Revengers Toman vs Valhalla Bloody Halloween anime	2026-09-24
/images/sub-my-hero-academia.webp	https://wallpapercave.com/wp/wp5017611.jpg	https://wallpapercave.com/my-hero-academia-class-1-a-wallpapers	My Hero Academia Class 1-A Wallpapers - Wallpaper Cave	My Hero Academia anime key visual class 1-A	2026-09-24 # rejetée
/images/q-my-hero-academia-01.webp	https://static.zerochan.net/Midoriya.Izuku.full.2209257.png	https://www.zerochan.net/2209257	Midoriya Izuku - Boku no Hero Academia - Image by BONES (Studio ...	Izuku Midoriya Deku My Hero Academia anime screenshot	2026-09-24
/images/q-my-hero-academia-03.webp	https://images7.alphacoders.com/932/932838.jpg	https://wall.alphacoders.com/big.php?i=932838	All Might Unleashed: 4K Ultra HD Heroic Power - My Hero Academia Wallpaper	All Might My Hero Academia anime screenshot	2026-09-24
/images/q-my-hero-academia-05.webp	https://wallpapers-clan.com/wp-content/uploads/2025/07/bakugo-katsuki-explosion-mha-wallpaper-preview-710x1536.jpg	https://wallpapers-clan.com/wallpapers/bakugo-katsuki-explosion-mha/	Bakugo Katsuki Explosion MHA Wallpapers - Superheroes Wallpaper	Katsuki Bakugo explosion My Hero Academia anime	2026-09-24 # rejetée
/images/q-my-hero-academia-06.webp	https://images4.alphacoders.com/126/thumb-1920-1266411.jpg	https://ar.inspiredpencil.com/pictures-2023/fire-and-ice-wallpaper-anime	Fire And Ice Wallpaper Anime	Shoto Todoroki ice fire My Hero Academia anime	2026-09-24
/images/q-my-hero-academia-08.webp	https://mlpnk72yciwc.i.optimole.com/cqhiHLc.IIZS~2ef73/w:auto/h:auto/q:75/https://bleedingcool.com/wp-content/uploads/2021/09/Shigaraki-vs-Re-Destro-Final-_Destroys-Everything_-_-My-Hero-Academia-Season-5-Episode-24-0-8-screenshot.jpg	https://fity.club/lists/suggestions/shigaraki-mha/	Shigaraki Mha Download Tomura Shigaraki Anime My Hero Academia HD	Tomura Shigaraki My Hero Academia anime screenshot	2026-09-24
/images/sub-l-attaque-des-titans.webp	https://wallpaperaccess.com/full/436435.jpg	https://wallpaperaccess.com/attack-on-titan-survey-corps	Attack On Titan Survey Corps Wallpapers - Top Free Attack On Titan ...	Attack on Titan anime key visual Survey Corps	2026-09-24
/images/q-l-attaque-des-titans-01.webp	https://images8.alphacoders.com/919/thumb-1920-919228.png	https://wall.alphacoders.com/big.php?i=919228	Eren Jaeger, Mikasa Ackerman, Armin Arlert by LaBeCeTi29 | 1920x1080 ...	Attack on Titan season 1 anime screenshot Eren Mikasa Armin	2026-09-24
/images/q-l-attaque-des-titans-03.webp	https://static1.srcdn.com/wordpress/wp-content/uploads/2023/03/colossal-titan.png	https://screenrant.com/most-iconic-shonen-anime-scenes-ever/	10 Most Iconic Shonen Anime Scenes Ever	Colossal Titan wall Attack on Titan anime screenshot	2026-09-24
/images/q-l-attaque-des-titans-04.webp	https://static.zerochan.net/Erwin.Smith.full.2644106.png	https://www.zerochan.net/2644106	Erwin Smith - Attack on Titan - Image by WIT STUDIO #2644106 - Zerochan ...	Erwin Smith Attack on Titan anime screenshot	2026-09-24
/images/q-l-attaque-des-titans-06.webp	https://i.pinimg.com/736x/ec/34/40/ec344053980ebf27d1e0eca7ac86d811.jpg	https://de.pinterest.com/pin/annie-leonhart-female-titan-attack-on-titan--32228953572935632/	Annie Leonhart, Female Titan, Attack On Titan	Annie Leonhart Female Titan Attack on Titan anime	2026-09-24 # rejetée
/images/q-l-attaque-des-titans-08.webp	https://i.pinimg.com/originals/78/4d/6f/784d6fb6f6d3af5759dbe1bc11ae43ac.png	https://www.pinterest.com/pin/458241330826356677/	Karanese District | Attack on titan season, Attack on titan aesthetic ...	Shiganshina district wall Attack on Titan anime	2026-09-24
/images/q-l-attaque-des-titans-09.webp	https://wallpapercave.com/wp/wp9833276.jpg	https://wallpapercave.com/attack-on-titan-the-rumbling-wallpapers	Attack On Titan The Rumbling Wallpapers - Wallpaper Cave	Attack on Titan Rumbling wall titans anime screenshot	2026-09-24
/images/sub-one-piece.webp	https://wallpaperaccess.com/full/1134207.jpg	https://wallpaperaccess.com/straw-hat-pirates	Straw Hat Pirates Wallpapers - Top Free Straw Hat Pirates Backgrounds ...	One Piece anime Straw Hat Pirates key visual	2026-09-24
/images/q-one-piece-02.webp	https://wallpapers.com/images/hd/luffy-stretching-powers-one-piece-0axq3gz5mv552n95.jpg	https://wallpapers.com/wallpapers/luffy-stretching-powers-one-piece-0axq3gz5mv552n95.html	Download Luffy Stretching Powers One Piece Wallpaper | Wallpapers.com	Monkey D. Luffy stretching rubber One Piece anime screenshot	2026-09-24
/images/q-one-piece-03.webp	https://static0.gamerantimages.com/wordpress/wp-content/uploads/2023/12/zoro-three-sword-style-one-piece-featured.jpg	https://gamerant.com/one-piece-zoro-three-sword-style/	One Piece: Zoro’s Three Sword Style, Explained	Roronoa Zoro three swords One Piece anime screenshot	2026-09-24
/images/q-one-piece-04.webp	https://a-static.besthdwallpaper.com/one-piece-thousand-sunny-pirate-ship-wallpaper-1440x900-8547_4.jpg	https://www.besthdwallpaper.com/anime/one-piece-thousand-sunny-pirate-ship-dt_en-US-8547.html	One Piece - Thousand Sunny,Pirate Ship HD wallpaper download	Thousand Sunny ship One Piece anime	2026-09-24 # rejetée
/images/q-one-piece-05.webp	https://static0.gamerantimages.com/wordpress/wp-content/uploads/2024/12/shanks-luffy-one-piece-straw-hat-1.png	https://gamerant.com/underrated-visually-stunning-anime/	Visually Stunning Anime That Went Unnoticed	Shanks straw hat One Piece anime screenshot	2026-09-24
/images/q-one-piece-07.webp	https://i.pinimg.com/736x/6f/8f/86/6f8f86c9626e783db2e97476b3d8439a.jpg?nii=t	https://www.pinterest.com/pin/57913545199620384/	Portgas D. Ace - ONE PIECE - Image #2444550 - Zerochan Anime Image ...	Portgas D. Ace One Piece anime screenshot	2026-09-24 # rejetée
/images/q-one-piece-09.webp	https://cdn.suwalls.com/wallpapers/anime/tony-tony-chopper-one-piece-14117-1920x1200.jpg	https://suwalls.com/anime/tony-tony-chopper-one-piece	Tony Tony Chopper - One Piece wallpaper - Anime wallpapers - #14117	Tony Tony Chopper One Piece anime screenshot	2026-09-24 # rejetée
/images/sub-my-hero-academia.webp	https://wallpapercave.com/wp/wp2541137.jpg	https://wallpapercave.com/my-hero-academia-class-1-a-wallpapers	My Hero Academia Class 1-A Wallpapers - Wallpaper Cave	My Hero Academia anime key visual class 1-A	2026-09-24
/images/q-my-hero-academia-05.webp	https://3.bp.blogspot.com/-yyNDC0aRGCA/XXfKVbo6iXI/AAAAAAAANHA/awSwOTH_L2UXe6BqOZ4SHRYrxS7uQwTkwCLcBGAs/w914-h514-p-k-no-nu/katsuki-bakugo-explosion-my-hero-academia-uhdpaper.com-4K-5.203-wp.thumbnail.jpg	https://www.uhdpaper.com/2019/08/katsuki-bakugo-explosion-my-hero.html	Katsuki Bakugo, Explosion, [My Hero Academia], 4K, #5.203 Wallpaper	Katsuki Bakugo explosion My Hero Academia anime screenshot	2026-09-24
/images/q-l-attaque-des-titans-06.webp	https://i.ytimg.com/vi/2_kvB_tIM7Y/maxresdefault.jpg	https://www.youtube.com/watch?v=2_kvB_tIM7Y	Annie turns into Female Titan! Attack on Titan revelation (Annie ...	Annie Leonhart Female Titan anime screenshot season 1	2026-09-24 # rejetée
/images/q-l-attaque-des-titans-06.webp	https://static1.srcdn.com/wordpress/wp-content/uploads/2023/11/annie-leonhart-laughing.jpg	https://screenrant.com/gta-6-character-leaked-by-voice-actor-resume/	GTA 6 Character Possibly Leaked By Voice Actor Resume	Annie Leonhart Female Titan anime screenshot season 1	2026-09-24
/images/q-one-piece-04.webp	https://i.pinimg.com/originals/cf/3f/0b/cf3f0bed0ef9e3b80be1529ea3e1a61f.jpg	https://www.pinterest.com/pin/the-thousand-sunny-pirate-ship-in-one-piece-anime--595178907016356645/	The Thousand Sunny Pirate Ship in One Piece Anime | Thousand sunny ...	Thousand Sunny ship One Piece anime	2026-09-24
/images/q-one-piece-09.webp	https://i.pinimg.com/originals/ab/7e/c4/ab7ec431db10fadc5151df39d759acf3.jpg	https://www.artofit.org/image-gallery/106327241195222094/tony-tony-chopper-one-piece/	Tony tony chopper one piece – Artofit	Tony Tony Chopper One Piece anime screenshot	2026-09-24 # rejetée
/images/sub-tokyo-revengers.webp	https://wallpaperaccess.com/full/6174970.jpg	https://wallpaperaccess.com/anime-tokyo-revengers	Anime Tokyo Revengers Wallpapers - Top Free Anime Tokyo Revengers ...	Tokyo Revengers anime key visual Toman	2026-09-24
/images/q-one-piece-07.webp	https://static.zerochan.net/Portgas.D..Ace.full.100151.jpg	https://www.zerochan.net/100151	Portgas D. Ace - ONE PIECE - Image #100151 - Zerochan Anime Image Board	Portgas D. Ace One Piece anime screenshot	2026-09-24
/images/q-one-piece-09.webp	https://cdn.suwalls.com/wallpapers/anime/tony-tony-chopper-one-piece-14117-1920x1200.jpg	https://suwalls.com/anime/tony-tony-chopper-one-piece	Tony Tony Chopper - One Piece wallpaper - Anime wallpapers - #14117	Tony Tony Chopper One Piece anime screenshot	2026-09-24 # rejetée
/images/q-one-piece-09.webp	https://static1.srcdn.com/wordpress/wp-content/uploads/2022/09/Tony-Tony-Chopper.jpg	https://screenrant.com/the-amazing-world-of-gumball-one-piece-anime-easter-egg-season-7/	Cartoon Network Revives One of Its Best Shows With a Perfect One Piece ...	Tony Tony Chopper One Piece anime screenshot	2026-09-24
